ac_number,constituency,votes_winner,votes_runnerup,margin
1,Gummidipoondi,94320,66375,27945
2,Ponneri,110439,54671,55768
3,Tiruttani,89169,83376,5793
4,Thiruvallur,92190,67430,24760
5,Poonamallee,161309,88569,72740
6,Avadi,180384,104073,76311
7,Maduravoyal,141725,80216,61509
8,Ambattur,133339,74558,58781
9,Madavaram,190462,95477,94985
10,Thiruvottiyur,110067,56503,53564
11,Dr.Radhakrishnan Nagar,97800,48132,49668
12,Perambur,120365,66650,53715
13,Kolathur,82997,74202,8795
14,Villivakkam,66445,49143,17302
15,Thiru-Vi-Ka-Nagar,69125,46792,22333
16,Egmore,53901,43097,10804
17,Royapuram,59091,44842,14249
18,Harbour,45254,33504,11750
19,Chepauk-Thiruvallikeni,62992,55852,7140
20,Thousand Lights,58965,43824,15141
21,Anna Nagar,71375,50012,21363
22,Virugampakkam,76092,49006,27086
23,Saidapet,81205,52691,28514
24,Thiyagarayanagar,51632,38605,13027
25,Mylapore,70070,41098,28972
26,Velachery,80430,47125,33305
27,Shozhinganallur,220382,123602,96780
28,Alandur,112205,82596,29609
29,Sriperumbudur,147611,93365,54246
30,Pallavaram,133611,78918,54693
31,Tambaram,118967,83346,35621
32,Chengalpattu,137136,101495,35641
33,Thiruporur,110095,70744,39351
34,Cheyyur,63809,58141,5668
35,Madurantakam,69284,62090,7194
36,Uthiramerur,84917,70694,14223
37,Kancheepuram,91350,75862,15488
38,Arakkonam,73776,50655,23121
39,Sholingur,84506,78820,5686
40,Katpadi,69868,63998,5870
41,Ranipet,91149,85362,5787
42,Arcot,105608,62888,42720
43,Vellore,73032,66255,6777
44,Anaikattu,76302,69221,7081
45,Kilvaithinankuppam,74305,54050,20255
46,Gudiyattam,82858,72761,10097
47,Vaniyambadi,73181,70199,2982
48,Ambur,74102,66971,7131
49,Jolarpet,78633,62550,16083
50,Tiruppattur,105098,56835,48263
51,Uthangarai,70201,65003,5198
52,Bargur,71240,66999,4241
53,Krishnagiri,89374,70530,18844
54,Veppanahalli,74691,74553,138
55,Hosur,109867,82064,27803
56,Thalli,78283,73043,5240
57,Palacodu,102807,63765,39042
58,Pennagaram,81240,78075,3165
59,Dharmapuri,93713,72817,20896
60,Pappireddipatti,101829,68715,33114
61,Harur,75523,72194,3329
62,Chengam,87802,74524,13278
63,Tiruvannamalai,88273,85818,2455
64,Kilpennathur,90503,60038,30465
65,Kalasapakkam,89629,62889,26740
66,Polur,67961,67734,227
67,Arani,76735,71104,5631
68,Cheyyar,86680,65599,21081
69,Vandavasi,63805,60472,3333
70,Gingee,78201,65556,12645
71,Mailam,82353,52312,30041
72,Tindivanam,63833,63099,734
73,Vanur,68873,61839,7034
74,Viluppuram,72982,68863,4119
75,Vikravandi,69727,68817,910
76,Tirukkoyilur,73033,72748,285
77,Ulundurpettai,98471,96194,2277
78,Rishivandiyam,89711,84849,4862
79,Sankarapuram,80250,76810,3440
80,Kallakurichi,81132,80334,798
81,Gangavalli,73167,58763,14404
82,Attur,80843,65525,15318
83,Yercaud,87772,85583,2189
84,Omalur,112246,97707,14539
85,Mettur,86498,67393,19105
86,Edappadi,148933,50823,98110
87,Sankari,87342,77825,9517
88,Salem (West),120407,45540,74867
89,Salem (North),85710,71676,14034
90,Salem (South),91371,58002,33369
91,Veerapandi,79907,75836,4071
92,Rasipuram,74808,60297,14511
93,Senthamangalam,68815,66160,2655
94,Namakkal,79744,68736,11008
95,Paramathi-Velur,61349,61041,308
96,Tiruchengodu,79500,51328,28172
97,Kumarapalayam,81179,73483,7696
98,Erode (East),69747,45781,23966
99,Erode (West),96836,74586,22250
100,Modakkurichi,60715,58285,2430
101,Dharapuram,81100,64373,16727
102,Kangayam,71122,62989,8133
103,Perundurai,70302,60609,9693
104,Bhavani,75577,68181,7396
105,Anthiyur,60042,58782,1260
106,Gobichettipalayam,82612,65992,16620
107,Bhavanisagar,72391,67822,4569
108,Udhagamandalam,48488,47512,976
109,Gudalur,65590,42757,22833
110,Coonoor,50470,42371,8099
111,Mettuppalayam,75664,67896,7768
112,Avanashi,84209,68836,15373
113,Tiruppur (North),131401,61409,69992
114,Tiruppur (South),73793,60892,12901
115,Palladam,121297,83400,37897
116,Sulur,90531,85741,4790
117,Kavundampalayam,146466,104326,42140
118,Coimbatore (North),92500,70508,21992
119,Thondamuthur,93316,78591,14725
120,Coimbatore (South),59724,57453,2271
121,Singanallur,84163,65024,19139
122,Kinathukadavu,99950,88240,11710
123,Pollachi,62013,57386,4627
124,Valparai,54671,45300,9371
125,Udumalaipettai,68549,65667,2882
126,Madathukulam,70458,54490,15968
127,Palani,66986,66293,693
128,Oddanchatram,93099,49850,43249
129,Athoor,106240,83872,22368
130,Nilakkottai,68580,65655,2925
131,Natham,85708,73839,11869
132,Dindigul,74489,73358,1131
133,Vedasandur,84948,74885,10063
134,Aravakurichi,70827,51445,19382
135,Karur,71542,69721,1821
136,Krishnarayapuram,62378,58875,3503
137,Kulithalai,68138,67559,579
138,Manapparai,83041,81615,1426
139,Srirangam,103235,69645,33590
140,Tiruchirappalli (West),88235,83449,4786
141,Tiruchirappalli (East),91381,63965,27416
142,Thiruverumbur,89837,81132,8705
143,Lalgudi,60795,58056,2739
144,Manachanallur,81447,69083,12364
145,Musiri,71281,53839,17442
146,Thuraiyur,66263,56649,9614
147,Perambalur,90882,76489,14393
148,Kunnam,87237,71680,15557
149,Ariyalur,95219,70721,24498
150,Jayankondam,88992,70502,18490
151,Tittakudi,63106,60477,2629
152,Vriddhachalam,69351,66964,2387
153,Neyveli,63731,52769,10962
154,Panruti,78398,67735,10663
155,Cuddalore,70856,55337,15519
156,Kurinjipadi,76695,69106,7589
157,Bhuvanagiri,75707,73220,2487
158,Chidambaram,69739,63992,5747
159,Kattumannarkoil,85179,52116,33063
160,Sirkazhi,71449,60032,11417
161,Mayiladuthurai,68011,57166,10845
162,Poompuhar,81096,72836,8260
163,Nagapattinam,56305,46524,9781
164,Kilvelur,56108,53830,2278
165,Vedaranyam,59172,51841,7331
166,Thiruthuraipoondi,74062,61140,12922
167,Mannargudi,68416,66850,1566
168,Thiruvarur,93408,75260,18148
169,Nannilam,103462,61738,41724
170,Thiruvidaimarudur,79951,65835,14116
171,Kumbakonam,78650,77971,679
172,Papanasam,69284,68219,1065
173,Thiruvaiyaru,80425,71870,8555
174,Thanjavur,87705,70750,16955
175,Orathanadu,86759,51731,35028
176,Pattukkottai,65963,52209,13754
177,Peravurani,60919,57757,3162
178,Gandharvakottai,58795,47756,11039
179,Viralimalai,105773,43700,62073
180,Pudukkottai,66825,64958,1867
181,Thirumayam,58201,56709,1492
182,Alangudi,64929,51952,12977
183,Aranthangi,73244,63182,10062
184,Karaikudi,101358,55284,46074
185,Tiruppattur,83375,83374,1
186,Sivaganga,73737,58656,15081
187,Manamadurai,69971,68763,1208
188,Melur,60080,57356,2724
189,Madurai East,118777,102230,16547
190,Sholavandan,63907,61229,2678
191,Madurai North,72853,54815,18038
192,Madurai South,62415,40886,21529
193,Madurai Central,63414,44286,19128
194,Madurai West,88250,76319,11931
195,Thiruparankundram,114316,72763,41553
196,Thirumangalam,88291,64484,23807
197,Usilampatti,65743,63938,1805
198,Andipatti,74324,64770,9554
199,Periyakulam,85656,66335,19321
200,Bodinayakanur,85206,78401,6805
201,Cumbum,85394,84643,751
202,Rajapalayam,65548,54943,10605
203,Srivilliputhur,65653,57072,8581
204,Sattur,62060,56071,5989
205,Sivakasi,68709,57039,11670
206,Virudhunagar,63653,54262,9391
207,Aruppukkottai,65104,60161,4943
208,Tiruchuli,75085,61600,13485
209,Paramakudi,59161,55613,3548
210,Tiruvadanai,69551,67038,2513
211,Ramanathapuram,89137,76678,12459
212,Mudhukulathur,68003,51405,16598
213,Vilathikulam,58395,50167,8228
214,Thoothukkudi,100536,62805,37731
215,Tiruchendur,72723,66851,5872
216,Srivaikuntam,58814,57628,1186
217,Ottapidaram,81625,52542,29083
218,Kovilpatti,61643,60800,843
219,Sankarankovil,64865,58376,6489
220,Vasudevanallur,63045,56462,6583
221,Kadayanallur,79832,73579,6253
222,Tenkasi,79699,69400,10299
223,Alangulam,69170,61372,7798
224,Tirunelveli,75840,64426,11414
225,Ambasamudram,65589,55344,10245
226,Palayamkottai,79744,65939,13805
227,Nanguneri,74952,58533,16419
228,Radhapuram,69947,57634,12313
229,Kanniyakumari,75045,74831,214
230,Nagercoil,69880,62310,7570
231,Colachal,66207,63374,2833
232,Padmanabhapuram,68938,53369,15569
233,Vilavancode,70755,49785,20970
234,Killiyoor,66434,65123,1311
